,Metabolite,Coefficient
0,datp_c,-0.012215685700339098
1,dttp_c,-0.012578844449428759
2,dctp_c,-0.013659391084477245
3,dgtp_c,-0.011993613617708867
4,atp_c,-89.08201514974198
5,h2o_c,-89.08201514974198
6,adp_c,89.08201514974198
7,pi_c,89.08201514974198
8,h_c,89.08201514974198
9,ppi_c,0.05044753485195397
